"No","권장일자","그룹","분류","URL","우선순위","비고"
"1","1일차","A","허브·서비스·뉴스","https://www.armes.co.kr/","높음",""
"2","1일차","A","허브·서비스·뉴스","https://www.armes.co.kr/about","높음",""
"3","1일차","A","허브·서비스·뉴스","https://www.armes.co.kr/projects","높음",""
"4","1일차","A","허브·서비스·뉴스","https://www.armes.co.kr/blog","높음",""
"5","1일차","A","허브·서비스·뉴스","https://www.armes.co.kr/news","높음",""
"6","1일차","A","허브·서비스·뉴스","https://www.armes.co.kr/contact","높음",""
"7","1일차","A","허브·서비스·뉴스","https://www.armes.co.kr/projects/sellerai","높음",""
"8","1일차","A","허브·서비스·뉴스","https://www.armes.co.kr/projects/tools","높음",""
"9","1일차","A","허브·서비스·뉴스","https://www.armes.co.kr/projects/rewardtalk","높음",""
"10","1일차","A","허브·서비스·뉴스","https://www.armes.co.kr/projects/travelmoa","높음",""
"11","1일차","A","허브·서비스·뉴스","https://www.armes.co.kr/projects/cocoping","높음",""
"12","1일차","A","허브·서비스·뉴스","https://www.armes.co.kr/projects/rankingpangpang","높음",""
"13","1일차","A","허브·서비스·뉴스","https://www.armes.co.kr/projects/photosort","높음",""
"14","1일차","A","허브·서비스·뉴스","https://www.armes.co.kr/projects/hoosamgukji","높음",""
"15","1일차","A","허브·서비스·뉴스","https://www.armes.co.kr/news/sellerai-launch","높음",""
"16","1일차","A","허브·서비스·뉴스","https://www.armes.co.kr/news/company-direction","높음",""
"17","1일차","A","허브·서비스·뉴스","https://www.armes.co.kr/blog/category/costco","높음",""
"18","1일차","B","생활정보 블로그(네이버강세)","https://www.armes.co.kr/blog/costco-weekly-deals","높음",""
"19","1일차","B","생활정보 블로그(네이버강세)","https://www.armes.co.kr/blog/costco-membership-worth","높음",""
"20","1일차","B","생활정보 블로그(네이버강세)","https://www.armes.co.kr/blog/costco-best-value-items","높음",""
"21","1일차","B","생활정보 블로그(네이버강세)","https://www.armes.co.kr/blog/costco-price-tag-secrets","높음",""
"22","1일차","B","생활정보 블로그(네이버강세)","https://www.armes.co.kr/blog/cheapest-gas-station","높음",""
"23","1일차","B","생활정보 블로그(네이버강세)","https://www.armes.co.kr/blog/self-gas-discount-card","높음",""
"24","1일차","B","생활정보 블로그(네이버강세)","https://www.armes.co.kr/blog/premium-vs-regular-gas","높음",""
"25","1일차","B","생활정보 블로그(네이버강세)","https://www.armes.co.kr/blog/cheap-flight-timing","높음",""
"26","1일차","B","생활정보 블로그(네이버강세)","https://www.armes.co.kr/blog/travel-deal-alerts","높음",""
"27","1일차","B","생활정보 블로그(네이버강세)","https://www.armes.co.kr/blog/package-vs-free-travel","높음",""
"28","1일차","B","생활정보 블로그(네이버강세)","https://www.armes.co.kr/blog/ev-charging-cost-saving","높음",""
"29","1일차","B","생활정보 블로그(네이버강세)","https://www.armes.co.kr/blog/ev-charger-finder","높음",""
"30","1일차","B","생활정보 블로그(네이버강세)","https://www.armes.co.kr/blog/free-image-converter","높음",""
"31","1일차","B","생활정보 블로그(네이버강세)","https://www.armes.co.kr/blog/image-convert","높음",""
"32","1일차","B","생활정보 블로그(네이버강세)","https://www.armes.co.kr/blog/jpg-png-convert","높음",""
"33","1일차","B","생활정보 블로그(네이버강세)","https://www.armes.co.kr/blog/reduce-phone-photo-size","높음",""
"34","1일차","B","생활정보 블로그(네이버강세)","https://www.armes.co.kr/blog/find-duplicate-photos","높음",""
"35","2일차","C","기타 블로그","https://www.armes.co.kr/blog/ai-background-removal","중간",""
"36","2일차","C","기타 블로그","https://www.armes.co.kr/blog/ai-detail-page-beginner","중간",""
"37","2일차","C","기타 블로그","https://www.armes.co.kr/blog/ai-detail-page-guide","중간",""
"38","2일차","C","기타 블로그","https://www.armes.co.kr/blog/ai-model-cut","중간",""
"39","2일차","C","기타 블로그","https://www.armes.co.kr/blog/ai-photo-sorting-tools","중간",""
"40","2일차","C","기타 블로그","https://www.armes.co.kr/blog/base64-guide","중간",""
"41","2일차","C","기타 블로그","https://www.armes.co.kr/blog/blog-seo-basics","중간",""
"42","2일차","C","기타 블로그","https://www.armes.co.kr/blog/detail-page-photo-order","중간",""
"43","2일차","C","기타 블로그","https://www.armes.co.kr/blog/dev-tools","중간",""
"44","2일차","C","기타 블로그","https://www.armes.co.kr/blog/ev-charging-basics","중간",""
"45","2일차","C","기타 블로그","https://www.armes.co.kr/blog/free-ai-image-tools","중간",""
"46","2일차","C","기타 블로그","https://www.armes.co.kr/blog/google-vs-naver-seo","중간",""
"47","2일차","C","기타 블로그","https://www.armes.co.kr/blog/hoosamguk-characters","중간",""
"48","2일차","C","기타 블로그","https://www.armes.co.kr/blog/hoosamguk-key-moments","중간",""
"49","2일차","C","기타 블로그","https://www.armes.co.kr/blog/how-ranking-works","중간",""
"50","2일차","C","기타 블로그","https://www.armes.co.kr/blog/image-compress","중간",""
"51","2일차","C","기타 블로그","https://www.armes.co.kr/blog/json-format","중간",""
"52","2일차","C","기타 블로그","https://www.armes.co.kr/blog/local-seo-guide","중간",""
"53","2일차","C","기타 블로그","https://www.armes.co.kr/blog/online-dev-text-tools","중간",""
"54","2일차","C","기타 블로그","https://www.armes.co.kr/blog/online-lowest-price","중간",""
"55","2일차","C","기타 블로그","https://www.armes.co.kr/blog/pdf-convert","중간",""
"56","2일차","C","기타 블로그","https://www.armes.co.kr/blog/pdf-merge-split-free","중간",""
"57","2일차","C","기타 블로그","https://www.armes.co.kr/blog/photo-organizing-tips","중간",""
"58","2일차","C","기타 블로그","https://www.armes.co.kr/blog/product-photo-tips","중간",""
"59","2일차","C","기타 블로그","https://www.armes.co.kr/blog/smartstore-first-month","중간",""
"60","2일차","C","기타 블로그","https://www.armes.co.kr/blog/strategy-sim-terms","중간",""
"61","2일차","C","기타 블로그","https://www.armes.co.kr/blog/text-tools","중간",""
"62","2일차","C","기타 블로그","https://www.armes.co.kr/blog/travel-photo-organizing","중간",""
"63","2일차","C","기타 블로그","https://www.armes.co.kr/blog/url-encoder","중간",""
"64","2일차","C","기타 블로그","https://www.armes.co.kr/blog/webp-convert","중간",""
"65","2일차","C","기타 블로그","https://www.armes.co.kr/blog/why-armes-ai","중간",""
"66","2일차","D","블로그 카테고리 허브","https://www.armes.co.kr/blog/category/ai","중간",""
"67","2일차","D","블로그 카테고리 허브","https://www.armes.co.kr/blog/category/shopping","중간",""
"68","2일차","D","블로그 카테고리 허브","https://www.armes.co.kr/blog/category/fuel","중간",""
"69","2일차","D","블로그 카테고리 허브","https://www.armes.co.kr/blog/category/electric-car","중간",""
"70","2일차","D","블로그 카테고리 허브","https://www.armes.co.kr/blog/category/travel","중간",""
"71","2일차","D","블로그 카테고리 허브","https://www.armes.co.kr/blog/category/seo","중간",""
"72","2일차","D","블로그 카테고리 허브","https://www.armes.co.kr/blog/category/productivity","중간",""
"73","2일차","D","블로그 카테고리 허브","https://www.armes.co.kr/blog/category/hoosamgukji","중간",""
"74","선택","E","약관(후순위)","https://www.armes.co.kr/privacy","낮음","검색가치 낮음, 여유될때만"
"75","선택","E","약관(후순위)","https://www.armes.co.kr/terms","낮음","검색가치 낮음, 여유될때만"
